feature,SQLite,PostgreSQL,HyPer,Python
10,116.48926101133213,18.897619681083313,12.073755191922045,224.23075474756095
12,14.309820334546774,3.147538795613444,6.307227924687179,168.4695190517634
